{
  "accuracy": 0.9134615384615384,
  "precision": 0.917910447761194,
  "recall": 0.9461538461538461,
  "f1_score": 0.9318181818181818,
  "roc_auc": 0.9668529476221783
}